"company_name","website","ats_type","ats_identifier","job_count","jobs","important_emails"
"Atlan","https://atlan.com","ASHBY","atlan","0","",""
"Cred","https://cred.club","LEVER","cred","8","accounts payable manager;business development & partnerships;business development & partnerships – commercial lead;business development & strategic partnerships - d2c;copywriter;credit card bill payments growth;lead – on deck payments;long form content writer/editor",""
"Fi Money","https://fi.money","LEVER","epifi","2","DS/ML Intern;GTM - sales",""
"Hasura","https://hasura.io","UNKNOWN","","0","",""
"Hyperface","https://www.hyperface.co","UNKNOWN","","0","",""
"Inai","https://inai.io","ASHBY","luminai","0","",""
"Meesho","https://www.meesho.io","LEVER","meesho","59","AM/ Manager - Risk & Decision Science;AM/M - Risk Analytics - User Lending;Assistant Manager - Business Finance;Assistant Manager - Performance Marketing;Assistant Manager Finance – Logistics Intelligence;Associate Compliance Manager;Associate Director - Business Finance;Cluster Head  ( Security & Investigation);Cluster Head  ( Security & Investigation);Cluster Head- Last mile - Chennai;Cluster Head- Last mile - Kerala;Cluster Head- Last mile Telangana (Hyderabad);Creative Manager;Data Scientist III;Deputy Manager - Business Finance;Deputy Manager - Logistics Intelligence;Deputy Manager - Revenue Intelligence and Governance;Deputy Manager- Procurement;Director - Design;Director - Product;Director Data Science;Director – Sales, Meesho AI Services (MAS) | North India;Director- Business Finance;Engineering Manager -Backend;Engineering Manager – AI Engineering;Engineering Manager- Platform;Group Product Manager;Lead Copy;Lead Product Designer;Manager - Business Finance;Manager - HR COE;Manager - Performance Marketing;Manager - User Experience : F&E;Manager HR - COE;Manager Partnership;Manager – GTM & Sales Strategy, Meesho AI Services (MAS);Manager – HRBP & ER;Manager-  Legal;Manager- Program Strategy - Fulfilment & Experience;Principal Data Scientist;Product Manager I;Product Manager II;Project Manager- Warehouse Automation;Security Architect - AI-Powered Security Engineering;Security Engineer III;Security Engineer IV;Senior Associate / Assistant Manager - Program Ops (Fulfilment & Experience);Senior Business Development Manager (SBDM);Senior Copywriter;Senior Manager - FnE;Senior Manager - Production;Senior Manager - User Experience : F&E;Senior Manager, CEO's Office;Senior Product Manager;Senior Product Manager - Data & Analytics Platform;Senior Talent Partner ( Non-Tech Hiring);Software Development Engineer III Data;Software Development Engineer III DevOps;Trainee - Recruitment Coordinator",""
"Pepper Content","https://www.peppercontent.io","UNKNOWN","","0","",""
"Pixxel","https://www.pixxel.space","UNKNOWN","","0","",""
"Postman","https://www.postman.com","GREENHOUSE","postman","0","",""
"Razorpay","https://razorpay.com","GREENHOUSE","razorpaysoftwareprivatelimited","26"," Analyst, Banking Alliances ;Analyst, Banking Alliances;Analyst, Banking Alliances;Analyst, Risk Management ;Assistant Manager, Vigilance;Associate Manager, Mid Market Sales;DevOps Enginer;Forward Deployed Engineer;Group Manager, Banking Alliance;Group Manager, Banking Solutions;Junior Analyst, Risk Management ;Lead Communication Designer;Manager, AEO;Manager, Affordability;Manager, Banking Alliances;Manager, Banking Solutions;Manager, Cross Border;Senior Associate, HRBP Operations (Contract Role);Senior Associate, Learning Business Partner;Senior Executive, Finance;Senior Manager, Sales;Senior Manager, Social Media Marketing;Senior Territory Manager, Bank Retail & Direct Enterprise Sales;Site Reliability Engineer;Solutions Consultant;Technical Account Manager ",""
"Sirion","https://www.sirion.ai","UNKNOWN","","0","",""
"Skydo","https://www.skydo.com","ASHBY","skydio","0","",""
"Slintel","https://www.slintel.com","WORKDAY","tel/wd3/TEL-Careers","27","ASIC Design Engineer, Senior;EHS Engineer;Engineer 1 - Start Up;Equipment Engineer II-Contract Role;Facilities Engineer Contractor;Facilities Maintenance Mechanic;Facility Operations Manager;Field Service/Start-Up Engineer - BOEL - Prober - Contract Role;Field Service/Start-Up Engineer - CT;Field Service/Start-Up Engineer - ES;Field Service/Start-Up Engineer - ES;Import/Export Analyst Contractor;Principal FEOL/MOL integration Engineer;Process Engineer;Process Engineer III-Tawain Expat Assignment;Process Engineer Spring 2027 Co-Op;Process Engineer-Contract;Process Technician;Process Technician - Contract;Process Technician, Contract - Night Shift;Research Scientist- Simulation & Modeling (Contract);Sales 2027 Summer Intern;Sales 2027 Summer Internship;Sales Representative - TFF;Senior Heterogenous Integration Process Engineer;Senior, Electrical Engineer;Sr. Manager of AI Engineering: Agentic Knowledge Store",""
"Springworks","https://www.springworks.in","UNKNOWN","","0","",""
"Swiggy","https://www.swiggy.com","UNKNOWN","","0","",""
"Toplyne","https://www.toplyne.io","ASHBY","pylon","0","",""
"Velocity","https://www.velocity.in","ASHBY","velocity","0","",""
"Zerodha","https://zerodha.com","UNKNOWN","","0","",""
"Zluri","https://www.zluri.com","UNKNOWN","","0","",""
